DEATH,Fri Jan 31 2025
GLOBE,Sat Feb 1 2025
STUFF,Sun Feb 2 2025
RIVAL,Mon Feb 3 2025
BRING,Tue Feb 4 2025
STOCK,Wed Feb 5 2025
BLEED,Thu Feb 6 2025
DREAD,Fri Feb 7 2025
ALIVE,Sat Feb 8 2025
OPIUM,Sun Feb 9 2025
SPEED,Mon Feb 10 2025
ANGRY,Tue Feb 11 2025
FLOAT,Wed Feb 12 2025
BLOOD,Thu Feb 13 2025
HEART,Fri Feb 14 2025
POWER,Sat Feb 15 2025
FIRES,Sun Feb 16 2025
SQUAB,Mon Feb 17 2025
BLOOD,Tue Feb 18 2025
SHIFT,Wed Feb 19 2025
CREAM,Thu Feb 20 2025
CASES,Fri Feb 21 2025
READY,Sat Feb 22 2025
PHONE,Sun Feb 23 2025
,Mon Feb 24 2025
,Tue Feb 25 2025
IDEAL,Wed Feb 26 2025
PSYCH,Thu Feb 27 2025
GLASS,Fri Feb 28 2025
SPRAY,Sat Mar 1 2025
CRISP,Sun Mar 2 2025
PLANT,Mon Mar 3 2025
BRAVE,Tue Mar 4 2025
SHINE,Wed Mar 5 2025
GRACE,Thu Mar 6 2025
TRUST,Fri Mar 7 2025
BLISS,Sat Mar 8 2025
CHILL,Sun Mar 9 2025
FRESH,Mon Mar 10 2025
GROVE,Tue Mar 11 2025
HONEY,Wed Mar 12 2025
JOLLY,Thu Mar 13 2025
KNOCK,Fri Mar 14 2025
LUCKY,Sat Mar 15 2025
MIGHT,Sun Mar 16 2025
NOBLE,Mon Mar 17 2025
OASIS,Tue Mar 18 2025
PEACE,Wed Mar 19 2025
QUIET,Thu Mar 20 2025
RIVER,Fri Mar 21 2025
SMILE,Sat Mar 22 2025
TASTE,Sun Mar 23 2025
UNITY,Mon Mar 24 2025
VIVID,Tue Mar 25 2025
WORTH,Wed Mar 26 2025
XENON,Thu Mar 27 2025
YEARN,Fri Mar 28 2025
ZESTY,Sat Mar 29 2025
ABOVE,Sun Mar 30 2025
BRISK,Mon Mar 31 2025
FOOLS,Tue Apr 01 2025
GRAIN,Wed Apr 02 2025
HUMOR,Thu Apr 03 2025
IVORY,Fri Apr 04 2025
JOLLY,Sat Apr 05 2025
KNEAD,Sun Apr 06 2025
LUSTY,Mon Apr 07 2025
MIRTH,Tue Apr 08 2025
NOBLE,Wed Apr 09 2025
OPTIC,Thu Apr 10 2025
PLUSH,Fri Apr 11 2025
QUICK,Sat Apr 12 2025
RAVEN,Sun Apr 13 2025
STORM,Mon Apr 14 2025
THUMP,Tue Apr 15 2025
UNITE,Wed Apr 16 2025
VIVID,Thu Apr 17 2025
WORRY,Fri Apr 18 2025
YOUNG,Sat Apr 19 2025
ZONAL,Sun Apr 20 2025
ADORE,Mon Apr 21 2025
BLOOM,Tue Apr 22 2025
CHIRP,Wed Apr 23 2025
DROOP,Thu Apr 24 2025
EXIST,Fri Apr 25 2025
FLARE,Sat Apr 26 2025
GRIMY,Sun Apr 27 2025
HATCH,Mon Apr 28 2025
INDIE,Tue Apr 29 2025
JUMPY,Wed Apr 30 2025
KNOLL,Thu May 01 2025
LEMON,Fri May 02 2025
MORPH,Sat May 03 2025
NIFTY,Sun May 04 2025
ORBIT,Mon May 05 2025
PLAZA,Tue May 06 2025
QUIRK,Wed May 07 2025
REACT,Thu May 08 2025
SCORN,Fri May 09 2025
TREND,Sat May 10 2025
ULTRA,Sun May 11 2025
VOUCH,Mon May 12 2025
WISPY,Tue May 13 2025
YACHT,Wed May 14 2025
ZEBRA,Thu May 15 2025
ANGST,Fri May 16 2025
BLAST,Sat May 17 2025
CRISP,Sun May 18 2025
DOUBT,Mon May 19 2025
EAGLE,Tue May 20 2025
FANCY,Wed May 21 2025
GROVE,Thu May 22 2025
HAPPY,Fri May 23 2025
IMPLY,Sat May 24 2025
JOKER,Sun May 25 2025
KAPPA,Mon May 26 2025
LATCH,Tue May 27 2025
MIXER,Wed May 28 2025
NORTH,Thu May 29 2025
OCTET,Fri May 30 2025
PINKY,Sat May 31 2025
QUERY,Sun Jun 01 2025
REBEL,Mon Jun 02 2025
STOIC,Tue Jun 03 2025
STEAL,Tue Feb 17 2026
TRAIN,Wed Feb 18 2026
FLOOR,Thu Feb 19 2026
FLUTE,Fri Feb 20 2026
FIGHT,Sat Feb 21 2026
BLOOD,Sun Feb 22 2026
DREAM,Mon Feb 23 2026
STANK,Tue Feb 24 2026
STAKE,Wed Feb 25 2026
FRUIT,Thu Feb 26 2026
FETAL,Fri Feb 27 2026
PLAIN,Sat Feb 28 2026
